time,Temperature,Humidity,Water Depth,Rain Volume
2025-11-19T15:33:58.000Z,25.7,99.99,55.93454,0
2025-11-19T16:12:39.000Z,25.3975,99.99,55.903285,0
2025-11-19T16:51:20.000Z,25.44333333,99.99,55.91468667,0
2025-11-19T17:30:01.000Z,25.345,99.99,55.9002925,0
2025-11-19T18:08:42.000Z,25.1875,99.99,55.3794625,0
2025-11-19T18:47:23.000Z,25.245,99.99,55.211295,0
2025-11-19T19:26:04.000Z,25.29666667,99.99,54.98809,0
2025-11-19T20:04:45.000Z,25.2325,99.99,54.8631,0
2025-11-19T20:43:26.000Z,25.27333333,99.99,55.21230333,1.024466667
2025-11-19T21:22:07.000Z,24.63,99.99,54.79762,0
2025-11-19T22:00:48.000Z,24.59428571,99.99,54.81036857,0
2025-11-19T22:39:29.000Z,24.625,99.99,54.805055,0
2025-11-19T23:18:10.000Z,24.665,99.99,57.41667,3.0734
2025-11-19T23:56:51.000Z,24.665,99.99,57.41667,3.0734
2025-11-20T00:35:32.000Z,25.23,99.99,57.996424,0
2025-11-20T01:14:13.000Z,26.39571429,99.99,58.37755571,0
2025-11-20T01:52:54.000Z,27.74714286,99.99,59.35034286,0
2025-11-20T02:31:35.000Z,28.29333333,99.99,59.72917667,0
2025-11-20T03:10:16.000Z,29.33875,98.86625,60.69718125,0
2025-11-20T03:48:57.000Z,32.76857143,75.85,61.69812714,0
2025-11-20T04:27:38.000Z,33.30714286,73.34428571,61.88606571,0
2025-11-20T05:06:19.000Z,34.01571429,71.92285714,61.79506143,0
2025-11-20T05:45:00.000Z,34.23857143,71.99285714,61.77890857,0
2025-11-20T06:23:41.000Z,34.96428571,71.12142857,61.96769,0
2025-11-20T07:02:22.000Z,33.8425,74.71625,61.6339225,0
2025-11-20T07:41:03.000Z,33.52,76.186,61.236916,0
2025-11-20T08:19:44.000Z,32.8,77.92,61.15475333,0
2025-11-20T08:58:25.000Z,32.1,78.9725,60.47172,0
2025-11-20T09:37:06.000Z,30.365,85.285,59.4270925,0
2025-11-20T10:15:47.000Z,29.23,86.375,58.9657825,0
2025-11-20T10:54:28.000Z,28.37333333,90.18,58.18848667,0
2025-11-20T11:33:09.000Z,27.925,92.4725,57.7217275,0
2025-11-20T12:11:50.000Z,27.4775,93.9925,57.1711275,0
2025-11-20T12:50:31.000Z,26.9875,96.4575,57.0565575,0
2025-11-20T13:29:12.000Z,26.76666667,98.27333333,56.80357,0
2025-11-20T14:07:53.000Z,26.515,99.4125,56.58332,0
2025-11-20T14:46:34.000Z,25.7975,99.99,55.931565,0
2025-11-20T15:25:15.000Z,25.2625,99.99,55.4628,0
2025-11-20T16:03:56.000Z,25.18333333,99.99,55.30356,0
2025-11-20T16:42:37.000Z,25.1625,99.99,55.19049,0
2025-11-20T17:21:18.000Z,24.905,99.99,54.815475,0
2025-11-20T17:59:59.000Z,24.63666667,99.99,54.79962333,0
2025-11-20T18:38:40.000Z,24.575,99.99,54.799105,0
2025-11-20T19:17:21.000Z,24.645,99.99,54.7306525,1.152525
2025-11-20T19:56:02.000Z,24.49666667,99.99,56.19643333,8.707966667
2025-11-20T20:34:43.000Z,24.38,99.99,58.625,3.0734
2025-11-20T21:13:24.000Z,24.46666667,99.99,59.08135,6.659033333
2025-11-20T21:52:05.000Z,24.46666667,99.99,59.08135,6.659033333
2025-11-20T22:30:46.000Z,23.59,99.99,160.25,24.5872
2025-11-20T23:09:27.000Z,23.8125,99.99,189.529775,0
2025-11-20T23:48:08.000Z,23.93833333,99.99,212.78075,0
2025-11-21T00:26:49.000Z,24.378,99.99,218.45712,0
2025-11-21T01:05:30.000Z,25.06666667,99.99,208.7202333,0
2025-11-21T01:44:11.000Z,26.10666667,99.99,188.3978333,0
2025-11-21T02:22:52.000Z,26.97166667,99.99,166.3878667,0
2025-11-21T03:01:33.000Z,28.05333333,99.99,150.8164833,0
2025-11-21T03:40:14.000Z,29.11,99.99,143.5218333,0
2025-11-21T04:18:55.000Z,29.57333333,99.99,131.7499667,0.512233333
2025-11-21T04:57:36.000Z,30.94833333,99.78666667,128.0912667,0
2025-11-21T05:36:17.000Z,32.52333333,80.18333333,123.2232333,0
2025-11-21T06:14:58.000Z,33.35571429,75.65714286,118.7755,0
2025-11-21T06:53:39.000Z,34.04714286,71.55857143,115.0629429,0
2025-11-21T07:32:20.000Z,34.32,69.17,111.3494714,0
2025-11-21T08:11:01.000Z,33.87285714,69.22571429,108.3826571,0
2025-11-21T08:49:42.000Z,33.7,69.662,105.65596,0
2025-11-21T09:28:23.000Z,33.56,67.9025,102.83035,0
2025-11-21T10:07:04.000Z,31.785,74.055,99.5446375,0
2025-11-21T10:45:45.000Z,28.375,90.1575,95.20535,0
2025-11-21T11:24:26.000Z,26.66,98.03333333,92.99009333,0
2025-11-21T12:03:07.000Z,26.0525,99.99,90.94941,0
2025-11-21T12:41:48.000Z,25.835,99.99,89.3809425,0
2025-11-21T13:20:29.000Z,25.88333333,99.99,87.41070667,0
2025-11-21T13:59:10.000Z,26.0325,99.99,85.9553625,0
2025-11-21T14:37:51.000Z,25.71,99.99,81.86905,0
2025-11-21T15:16:32.000Z,25.44333333,99.99,80.35517333,0
2025-11-21T15:55:13.000Z,25.335,99.99,77.70535,0
2025-11-21T16:33:54.000Z,25.245,99.99,76.2172775,0
2025-11-21T17:12:35.000Z,25.0225,99.99,74.7127925,0
2025-11-21T17:51:16.000Z,25.25333333,99.99,73.87302667,0
2025-11-21T18:29:57.000Z,25.4,99.99,74.57144,0
2025-11-21T19:08:38.000Z,23.08,99.99,78.5744,0
2025-11-21T19:47:19.000Z,23.43,99.99,78.58633,0
2025-11-21T20:26:00.000Z,23.20285714,99.99,78.54252429,0
2025-11-21T21:04:41.000Z,23.09,99.99,78.37500714,0
2025-11-21T21:43:22.000Z,23.15285714,99.99,78.27466143,0
2025-11-21T22:22:03.000Z,23.31142857,99.99,77.90137143,0
2025-11-21T23:00:44.000Z,23.43285714,99.99,77.56378143,0
2025-11-21T23:39:25.000Z,23.99428571,99.99,77.56547143,0
2025-11-22T00:18:06.000Z,25.35857143,99.99,77.70664286,0
2025-11-22T00:56:47.000Z,26.84142857,99.99,79.30866429,0
2025-11-22T01:35:28.000Z,28.48571429,99.99,81.51106,0
2025-11-22T02:14:09.000Z,29.41875,99.9275,81.57515125,0
2025-11-22T02:52:50.000Z,31.26714286,89.88714286,81.59100429,0
2025-11-22T03:31:31.000Z,32.845,77.65,81.5,0.76835
2025-11-22T04:10:12.000Z,34.71,71.30166667,81.63193167,0
2025-11-22T04:48:53.000Z,35.55,68.20285714,83.25255429,0
2025-11-22T05:27:34.000Z,35.38857143,69.46714286,83.93281429,0
2025-11-22T06:06:15.000Z,34.04571429,72.97,83.74658143,0
2025-11-22T06:44:56.000Z,34.17142857,73.53142857,83.55101857,0
2025-11-22T07:23:37.000Z,34.43,72.20428571,83.78146429,0
2025-11-22T08:02:18.000Z,33.99666667,71.49333333,82.92064333,0
2025-11-22T08:40:59.000Z,32.645,75.3775,82.4627975,0
2025-11-22T09:19:40.000Z,30.855,81.1275,81.65922,0
2025-11-22T09:58:21.000Z,29.80333333,85.36333333,81,0
2025-11-22T10:37:02.000Z,28.69,89.5575,79.99257,0
2025-11-22T11:15:43.000Z,27.57,95.3075,78.35566,0
2025-11-22T11:54:24.000Z,26.6625,99.935,77.77826,0
2025-11-22T12:33:05.000Z,26.46,99.99,77.40277333,0
2025-11-22T13:11:46.000Z,26.215,99.99,76.7886875,0
2025-11-22T13:50:27.000Z,25.9275,99.99,76.51042,0
2025-11-22T14:29:08.000Z,25.9175,99.99,75.9047375,0
2025-11-22T15:07:49.000Z,25.65,99.99,75.50595,0
2025-11-22T15:46:30.000Z,25.565,99.99,75.1845225,0
2025-11-22T16:25:11.000Z,25.54,99.99,74.57887,0
2025-11-22T17:03:52.000Z,25.36666667,99.99,74.34125667,0
2025-11-22T17:42:33.000Z,25.5,99.99,74.592255,0
2025-11-22T18:21:14.000Z,25.29,99.99,74.40773,0
2025-11-22T18:59:55.000Z,25.19285714,99.99,73.53742286,0
2025-11-22T19:38:36.000Z,25.18,99.99,73.28826143,0
2025-11-22T20:17:17.000Z,24.97625,99.99,72.48884375,0
2025-11-22T20:55:58.000Z,24.67428571,99.99,72.00340429,0
2025-11-22T21:34:39.000Z,24.59,99.99,71.407745,0
2025-11-22T22:13:20.000Z,24.59,99.99,71.407745,0
2025-11-22T22:52:01.000Z,24.37714286,99.99,70.36735429,0
2025-11-22T23:30:42.000Z,24.96142857,99.99,70.40731857,0
2025-11-23T00:09:23.000Z,24.96142857,99.99,70.40731857,0
2025-11-23T00:48:04.000Z,25.57,99.99,70.45067571,0
2025-11-23T01:26:45.000Z,26.76,99.99,70.604155,0
2025-11-23T02:05:26.000Z,27.96285714,99.99,70.83417571,0
2025-11-23T02:44:07.000Z,29.93428571,99.7,71.30782857,0
2025-11-23T03:22:48.000Z,32.4525,82.97875,71.53125375,0
2025-11-23T04:01:29.000Z,35.10714286,70.73571429,71.61734571,0
2025-11-23T04:40:10.000Z,34.50714286,72.18,71.74151429,0
2025-11-23T05:18:51.000Z,34.94714286,70.00285714,71.44728,0
2025-11-23T05:57:32.000Z,35.04,70.29285714,71.26274286,0
2025-11-23T06:36:13.000Z,34.34,72.26428571,70.57314571,0
2025-11-23T07:14:54.000Z,33.58714286,75.75428571,70.13690571,0
2025-11-23T07:53:35.000Z,33.74142857,74.52857143,69.65136143,0
2025-11-23T08:32:16.000Z,32.51,75.75333333,69.02975667,0
2025-11-23T09:10:57.000Z,31.465,80.29,68.79911,0
2025-11-23T09:49:38.000Z,30.29,82.955,68.6205275,0
2025-11-23T10:28:19.000Z,28.22333333,87.08666667,67.30952,0
2025-11-23T11:07:00.000Z,27.9175,86.3675,66.440475,0
2025-11-23T11:45:41.000Z,27.475,89.11,66.0625,0
2025-11-23T12:24:22.000Z,24.38,99.99,70.375,16.13535
2025-11-23T13:03:03.000Z,24.31,99.99,70.60800429,0
2025-11-23T13:41:44.000Z,24.38285714,99.99,70.40987429,0
2025-11-23T14:20:25.000Z,24.37285714,99.99,71.40052429,0
2025-11-23T14:59:06.000Z,24.34714286,99.99,70.60544429,0
2025-11-23T15:37:47.000Z,24.39,99.99,70.36906,0
2025-11-23T16:16:28.000Z,24.39,99.99,70.36906,0
2025-11-23T16:55:09.000Z,24.586,99.99,72.461914,0
2025-11-23T17:33:50.000Z,24.59142857,99.99,72.45579,0
2025-11-23T18:12:31.000Z,24.64,99.99,72.80272429,0
2025-11-23T18:51:12.000Z,24.97714286,99.99,73.61990857,0
2025-11-23T19:29:53.000Z,25.07125,99.99,74.408485,0
2025-11-23T20:08:34.000Z,25.21142857,99.99,75.00255,0
2025-11-23T20:47:15.000Z,24.75285714,99.99,73.7092,0
2025-11-23T21:25:56.000Z,24.49142857,99.99,73.51615286,0
2025-11-23T22:04:37.000Z,24.37571429,99.99,73.50509571,0
2025-11-23T22:43:18.000Z,24.42285714,99.99,73.49914571,0
2025-11-23T23:21:59.000Z,24.42285714,99.99,73.49914571,0
2025-11-24T00:00:40.000Z,26.20833333,99.99,73.74404333,0
2025-11-24T00:39:21.000Z,27.41285714,99.99,74.87159857,0
2025-11-24T01:18:02.000Z,28.25428571,99.99,74.97534,0
2025-11-24T01:56:43.000Z,30.09375,97.91125,75.05878,0
2025-11-24T02:35:24.000Z,31.67857143,82.12142857,75.02041857,0
2025-11-24T03:14:05.000Z,31.30142857,81.50571429,75.99149714,0
2025-11-24T03:52:46.000Z,31.51571429,80.91857143,76.09949857,0
2025-11-24T04:31:27.000Z,33.54285714,76.04571429,76.65221571,0
2025-11-24T05:10:08.000Z,33.88857143,73.25714286,76.22533714,0
2025-11-24T05:48:49.000Z,33.29571429,73.09857143,75.30017143,0
2025-11-24T06:27:30.000Z,32.56857143,75.19714286,74.90306429,0
2025-11-24T07:06:11.000Z,32.1175,77.0575,74.4345175,0
2025-11-24T07:44:52.000Z,32.43,77.4475,74.139885,0
2025-11-24T08:23:33.000Z,32.17,77.875,73.5431525,0
2025-11-24T09:02:14.000Z,30.99666667,79.92,73.00398667,0
2025-11-24T09:40:55.000Z,29.8275,84.2775,72.5044625,0
2025-11-24T10:19:36.000Z,28.755,88.005,71.71727,0
2025-11-24T10:58:17.000Z,28.21333333,89.66333333,71.44446,0
2025-11-24T11:36:58.000Z,27.955,90.7,70.7023875,0
2025-11-24T12:15:39.000Z,27.6325,91.47,70.58779,0
2025-11-24T12:54:20.000Z,27.5875,92.4,69.8020775,0
2025-11-24T13:33:01.000Z,27.03,95.42333333,69.50991667,0
2025-11-24T14:11:42.000Z,25.502,99.99,69.417834,0
2025-11-24T14:50:23.000Z,24.68,99.99,68.91268667,0
2025-11-24T15:29:04.000Z,24.03,99.99,68.91241143,0
2025-11-24T16:07:45.000Z,23.908,99.99,68.257128,0.30734
2025-11-24T16:46:26.000Z,24.025,99.99,68.247025,1.5367
2025-11-24T17:25:07.000Z,24.11,99.99,68.21228333,0
2025-11-24T18:03:48.000Z,24.07285714,99.99,68.21171714,0
2025-11-24T18:42:29.000Z,24.186,99.99,68.202368,0
2025-11-24T19:21:10.000Z,24.516,99.99,76.322628,0
2025-11-24T19:59:51.000Z,24.43,99.99,74.67345429,0
2025-11-24T20:38:32.000Z,24.4225,99.99,74.523805,0
2025-11-24T21:17:13.000Z,24.49,99.99,79.0238,0
2025-11-24T21:55:54.000Z,24.49,99.99,79.375,1.5367
2025-11-24T22:34:35.000Z,24.59166667,99.99,81.39285333,0
2025-11-24T23:13:16.000Z,24.71571429,99.99,83.3937,0
2025-11-24T23:51:57.000Z,25.21,99.99,85.31973714,0
2025-11-25T00:30:38.000Z,26.37428571,99.99,86.60968857,0
2025-11-25T01:09:19.000Z,27.14333333,99.99,87.448415,0
2025-11-25T01:48:00.000Z,27.61428571,99.99,87.65646286,0
2025-11-25T02:26:41.000Z,29.11285714,99.99,87.60629429,0
2025-11-25T03:05:22.000Z,31.91857143,92.18857143,87.05612286,0
2025-11-25T03:44:03.000Z,33.91,71.1175,86.35641125,0
2025-11-25T04:22:44.000Z,34.38,70.38666667,85.61408667,0
2025-11-25T05:01:25.000Z,35.35285714,68.04,84.81718143,0
2025-11-25T05:40:06.000Z,34.60285714,68.88142857,84.15476286,0
2025-11-25T06:18:47.000Z,34.65,69.61857143,83.09949286,0
2025-11-25T06:57:28.000Z,34.07857143,69.66428571,82.12160571,0
2025-11-25T07:36:09.000Z,33.088,73.222,81.052354,0
2025-11-25T08:14:50.000Z,32.5,74.9075,80.215775,0
2025-11-25T08:53:31.000Z,31.065,80.275,79.19942,0
2025-11-25T09:32:12.000Z,24.59,99.99,81.84525,0
2025-11-25T10:10:53.000Z,24.775,99.99,81.639895,0.76835
2025-11-25T10:49:34.000Z,25.10142857,99.99,81.13861286,0
2025-11-25T11:28:15.000Z,24.70285714,99.99,81.52806857,0
2025-11-25T12:06:56.000Z,25.01857143,99.99,81.79251857,0
2025-11-25T12:45:37.000Z,25.11142857,99.99,81.94133286,0
2025-11-25T13:24:18.000Z,24.99285714,99.99,82.12329857,0
2025-11-25T14:02:59.000Z,24.99375,99.99,81.87054,0
2025-11-25T14:41:40.000Z,24.94857143,99.99,81.82907714,0
2025-11-25T15:20:21.000Z,24.87571429,99.99,81.17858143,0
2025-11-25T15:59:02.000Z,24.72571429,99.99,80.57909429,0
2025-11-25T16:37:43.000Z,24.57166667,99.99,79.72619667,0
2025-11-25T17:16:24.000Z,24.45,99.99,78.68454,0
2025-11-25T17:55:05.000Z,24.42571429,99.99,78.57823143,0
2025-11-25T18:33:46.000Z,24.38571429,99.99,77.78825857,0
2025-11-25T19:12:27.000Z,24.32714286,99.99,77.37839857,0
2025-11-25T19:51:08.000Z,24.17142857,99.99,76.57739143,0
2025-11-25T20:29:49.000Z,24.07428571,99.99,75.82144,0
2025-11-25T21:08:30.000Z,23.91285714,99.99,75.41921143,0
2025-11-25T21:47:11.000Z,23.86428571,99.99,74.68113571,0
2025-11-25T22:25:52.000Z,23.81142857,99.99,74.46939143,0
2025-11-25T23:04:33.000Z,23.99285714,99.99,73.79337857,0
2025-11-25T23:43:14.000Z,24.69125,99.99,73.616805,0
2025-11-26T00:21:55.000Z,25.48428571,99.99,73.64370286,0
2025-11-26T01:00:36.000Z,27.0775,99.99,74.561005,0
2025-11-26T01:39:17.000Z,28.05142857,99.99,74.96342143,0
2025-11-26T02:17:58.000Z,30.29142857,94.05714286,75.46088571,0
2025-11-26T02:56:39.000Z,32.38714286,80.57285714,75.52805857,0
2025-11-26T03:35:20.000Z,33.16875,77.64875,75.899545,0
2025-11-26T04:14:01.000Z,33.94142857,75.35857143,75.59948429,0
2025-11-26T04:52:42.000Z,35.08714286,70.08714286,75.37925143,0
2025-11-26T05:31:23.000Z,35.78428571,68.16285714,75.51957,0
2025-11-26T06:10:04.000Z,36.10428571,63.23857143,74.87499143,0
2025-11-26T06:48:45.000Z,36.38714286,62.9,74.90135286,0
2025-11-26T07:27:26.000Z,36.33166667,60.19666667,74.51487833,0
2025-11-26T08:06:07.000Z,34.59666667,66.19,73.93255667,0
2025-11-26T08:44:48.000Z,33.255,70.195,73.1458525,0
2025-11-26T09:23:29.000Z,32.35,74.1325,72.96727,0
2025-11-26T10:02:10.000Z,30.11333333,84.02,71.86905,0
2025-11-26T10:40:51.000Z,28.61,91.3825,70.6830525,0
2025-11-26T11:19:32.000Z,27.28,99.33,70.625,1.5367
2025-11-26T11:58:13.000Z,24.93333333,99.99,72.84921333,0
2025-11-26T12:36:54.000Z,24.74428571,99.99,71.78572143,0
2025-11-26T13:15:35.000Z,24.634,99.99,71.169054,0
2025-11-26T13:54:16.000Z,24.47142857,99.99,70.83332143,0
2025-11-26T14:32:57.000Z,24.43428571,99.99,71.02466,0
2025-11-26T15:11:38.000Z,24.25166667,99.99,70.37696667,0
2025-11-26T15:50:19.000Z,24.10142857,99.99,70.22620143,0
2025-11-26T16:29:00.000Z,24.08714286,99.99,69.35630714,0
2025-11-26T17:07:41.000Z,24.06,99.99,69.35205286,0
2025-11-26T17:46:22.000Z,24.0825,99.99,69.29760875,0
2025-11-26T18:25:03.000Z,24.13428571,99.99,68.84183571,0
2025-11-26T19:03:44.000Z,24.15571429,99.99,68.61053857,0
2025-11-26T19:42:25.000Z,24.13857143,99.99,68.30697286,0
2025-11-26T20:21:06.000Z,24.26,99.99,68.31377286,0
2025-11-26T20:59:47.000Z,24.10285714,99.99,68.22617857,0
2025-11-26T21:38:28.000Z,24.22714286,99.99,68.13946143,0
2025-11-26T22:17:09.000Z,24.47142857,99.99,68.05356857,0
2025-11-26T22:55:50.000Z,24.68,99.99,68.1488075,0
2025-11-26T23:34:31.000Z,25.20142857,99.99,68.27209429,0
2025-11-27T00:13:12.000Z,25.3,99.92428571,68.37670857,0
2025-11-27T00:51:53.000Z,26.01142857,98.81714286,68.38435429,0
2025-11-27T01:30:34.000Z,26.99285714,96.44142857,68.53571429,0
2025-11-27T02:09:15.000Z,28.44,92.24285714,68.94047143,0
2025-11-27T02:47:56.000Z,29.82857143,86.86,69.93622857,0
2025-11-27T03:26:37.000Z,30.85714286,83.08714286,70.05782857,0
2025-11-27T04:05:18.000Z,30.60142857,84.14714286,69.86905429,0
2025-11-27T04:43:59.000Z,31.19625,82.99125,69.98586,0
2025-11-27T05:22:40.000Z,32.01428571,79.37714286,70.19218571,0
2025-11-27T06:01:21.000Z,31.48333333,81.59333333,69.89584167,0
2025-11-27T06:40:02.000Z,30.57571429,85.69,69.32994,0
2025-11-27T07:18:43.000Z,29.06285714,93.41428571,68.67771857,0
2025-11-27T07:57:24.000Z,28,97.93,67.8988,1.5367
2025-11-27T08:36:05.000Z,25.4,99.99,68.38095,7.6835
2025-11-27T09:14:46.000Z,25.4,99.99,68.38095,7.6835
2025-11-27T09:53:27.000Z,25.4,99.99,68.38095,7.6835
2025-11-27T10:32:08.000Z,23.91,99.99,177.256,15.367
2025-11-27T11:10:49.000Z,23.836,99.99,259.9595,3.68808
2025-11-27T11:49:30.000Z,23.846,99.99,284.26608,4.6101
2025-11-27T12:28:11.000Z,23.918,99.99,274.32799,1.22936
2025-11-27T13:06:52.000Z,24.06125,99.99,252.34895,1.152525
2025-11-27T13:45:33.000Z,24.04333333,99.99,224.3135,0
2025-11-27T14:24:14.000Z,24.01333333,99.99,200.15775,0
2025-11-27T15:02:55.000Z,23.898,99.99,177.18452,0.30734
2025-11-27T15:41:36.000Z,23.85833333,99.99,159.6736,0
2025-11-27T16:20:17.000Z,23.9,99.99,148.8512,0
2025-11-27T16:58:58.000Z,24.1,99.99,144.4375,0
2025-11-27T17:37:39.000Z,23.95,99.99,137.135425,0.76835
2025-11-27T18:16:20.000Z,23.95,99.99,137.135425,0.76835
2025-11-27T18:55:01.000Z,24.075,99.99,136.4315,11.52525
2025-11-27T19:33:42.000Z,23.96,99.99,196.619,7.6835
2025-11-27T20:12:23.000Z,23.578,99.99,269.95954,19.66976
2025-11-27T20:51:04.000Z,23.51727273,99.99,324.2570273,9.4996
2025-11-27T21:29:45.000Z,23.76,99.99,346.5400455,11.4554
2025-11-27T22:08:26.000Z,23.60166667,99.99,339.3750083,11.26913333
2025-11-27T22:47:07.000Z,23.454,99.99,326.30416,3.22707
2025-11-27T23:25:48.000Z,23.242,99.99,313.48751,5.22478
2025-11-28T00:04:29.000Z,23.34545455,99.99,295.4697,0
2025-11-28T00:43:10.000Z,23.52,99.99,273.63749,0
2025-11-28T01:21:51.000Z,23.66375,99.99,251.127225,0
2025-11-28T02:00:32.000Z,24.09,99.99,227.0505833,0
2025-11-28T02:39:13.000Z,24.64333333,99.99,204.3591167,0
2025-11-28T03:17:54.000Z,25.445,99.99,182.8115167,0
2025-11-28T03:56:35.000Z,25.69166667,99.99,165.87995,0
2025-11-28T04:35:16.000Z,25.554,99.99,154.75358,0
2025-11-28T05:13:57.000Z,26.09333333,99.99,148.2251833,0
2025-11-28T05:52:38.000Z,28.185,98.105,143.1855167,0
2025-11-28T06:31:19.000Z,28.70166667,84.72,138.70635,0
2025-11-28T07:10:00.000Z,28.855,83.615,135.4732167,0
2025-11-28T07:48:41.000Z,28.49166667,83.92833333,131.7579333,0
2025-11-28T08:27:22.000Z,27.85,85.545,128.0277833,0
2025-11-28T09:06:03.000Z,26.26166667,91.57833333,124.625,0
2025-11-28T09:44:44.000Z,25.95333333,93.26166667,121.17955,0
2025-11-28T10:23:25.000Z,25.50571429,95.04714286,118.5484714,0
2025-11-28T11:02:06.000Z,25.164,97.148,115.95476,0
2025-11-28T11:40:47.000Z,24.8625,98.8175,113.29465,0
2025-11-28T12:19:28.000Z,24.72,99.38,111.39285,0
2025-11-28T12:58:09.000Z,24.59666667,99.45666667,109.5912667,0
2025-11-28T13:36:50.000Z,24.415,99.955,107.997025,0
2025-11-28T14:15:31.000Z,24.2475,99.99,106.251475,0
2025-11-28T14:54:12.000Z,23.92,99.99,104.6875,0
2025-11-28T15:32:53.000Z,23.83666667,99.99,103.4444667,0
2025-11-28T16:11:34.000Z,23.8525,99.99,102.0759,0
2025-11-28T16:50:15.000Z,23.595,99.99,100.763375,0
2025-11-28T17:28:56.000Z,23.2275,99.99,99.1770875,0
2025-11-28T18:07:37.000Z,23.02666667,99.99,98.30355667,0
2025-11-28T18:46:18.000Z,22.8075,99.99,97.333335,0
2025-11-28T19:24:59.000Z,22.5825,99.99,95.8526825,0
2025-11-28T20:03:40.000Z,22.43,99.99,94.69643333,0
2025-11-28T20:42:21.000Z,22.3725,99.99,94.013395,0
2025-11-28T21:21:02.000Z,22.3025,99.99,93.1443375,0
2025-11-28T21:59:43.000Z,22.5075,99.99,92.47024,0
2025-11-28T22:38:24.000Z,22.57,99.99,91.69840667,0
2025-11-28T23:17:05.000Z,23.0575,99.99,91.0372025,0
2025-11-28T23:55:46.000Z,25.2225,96.835,89.7708375,0
2025-11-29T00:34:27.000Z,28.1675,84.49,89.5952375,0
2025-11-29T01:13:08.000Z,30.44333333,77.31333333,90.80157667,0
2025-11-29T01:51:49.000Z,30.175,78.3775,91.690475,0
2025-11-29T02:30:30.000Z,31.69,73.4925,110.936025,0
2025-11-29T03:09:11.000Z,32.20333333,72.84333333,112.2004,0
2025-11-29T03:47:52.000Z,33.14,70.68,110.145825,0
2025-11-29T04:26:33.000Z,33.095,69.2275,108.241075,0
2025-11-29T05:05:14.000Z,33.8025,66.4575,106.33335,0
2025-11-29T05:43:55.000Z,34.54,65.05,104.6706333,0
2025-11-29T06:22:36.000Z,34.4175,65.3825,103.10415,0
2025-11-29T07:01:17.000Z,34.6375,68.9875,101.23215,0
2025-11-29T07:39:58.000Z,33.3925,73.0225,99.5922575,0
2025-11-29T08:18:39.000Z,32.75333333,74.67,98.11906,0
2025-11-29T08:57:20.000Z,32.3575,76.4575,97.017845,0
2025-11-29T09:36:01.000Z,31.29333333,78.96333333,95.28571667,0
2025-11-29T10:14:42.000Z,29.20666667,84.48333333,88.03772,0
2025-11-29T10:53:23.000Z,28.05,87.0725,75.9880875,0
2025-11-29T11:32:04.000Z,26.235,96.485,71.2857125,0
2025-11-29T12:10:45.000Z,25.12,99.99,70.4032575,0
2025-11-29T12:49:26.000Z,24.89666667,99.99,70.40278,0
2025-11-29T13:28:07.000Z,24.74,99.99,70.3913625,0
2025-11-29T14:06:48.000Z,24.3925,99.99,71.2202375,0
2025-11-29T14:45:29.000Z,24.575,99.99,71.66368,0
2025-11-29T15:24:10.000Z,24.46333333,99.99,71.41867333,0
2025-11-29T16:02:51.000Z,24.2075,99.99,71.8229225,0
2025-11-29T16:41:32.000Z,23.59,99.99,71.3601325,0
2025-11-29T17:20:13.000Z,23.3475,99.99,71.5982225,0
2025-11-29T17:58:54.000Z,23.47,99.99,72.38490667,0
2025-11-29T18:37:35.000Z,23.36,99.99,72.377975,0
2025-11-29T19:16:16.000Z,23.09,99.99,72.3586375,0
2025-11-29T19:54:57.000Z,23.04,99.99,72.2604325,0
2025-11-29T20:33:38.000Z,23.04333333,99.99,72.35120667,0
2025-11-29T21:12:19.000Z,23.15,99.99,72.3556825,0
2025-11-29T21:51:00.000Z,23.1875,99.99,72.446435,0
2025-11-29T22:29:41.000Z,23.18,99.99,72.35717,0
2025-11-29T23:08:22.000Z,23.4575,99.99,72.8110125,0
2025-11-29T23:47:03.000Z,26.1325,98.46,73.94941,0
2025-11-30T00:25:44.000Z,29.2175,89.4325,75.1220175,0
2025-11-30T01:04:25.000Z,30.00666667,83.97666667,86.91666667,0
2025-11-30T01:43:06.000Z,31.775,77.2,102.95985,0
2025-11-30T02:21:47.000Z,32.87,73.3425,102.861625,0
2025-11-30T03:00:28.000Z,33.83333333,68.86333333,102.0655,0
2025-11-30T03:39:09.000Z,34.2925,66.1275,100.1488325,0
2025-11-30T04:17:50.000Z,34.2225,67.7125,99.056565,0
2025-11-30T04:56:31.000Z,35.4625,67.22,97.78125,0
2025-11-30T05:35:12.000Z,35.11333333,68.98,96.52578667,0
2025-11-30T06:13:53.000Z,34.9125,66.6775,95.3199225,0
2025-11-30T06:52:34.000Z,34.3725,69.145,93.43749,0
2025-11-30T07:31:15.000Z,34.285,70.1825,90.659225,0
2025-11-30T08:09:56.000Z,34.285,70.1825,90.659225,0
2025-11-30T08:48:37.000Z,32.63,76.95,80.40479,0
2025-11-30T09:27:18.000Z,31.75,78.73,79.2946475,0
2025-11-30T10:05:59.000Z,29.965,83.8025,78.31697,0
2025-11-30T10:44:40.000Z,28.84666667,86.55333333,77.92658333,0
2025-11-30T11:23:21.000Z,27.82,91.56,76.4702475,0
2025-11-30T12:02:02.000Z,26.07,99.73,75.578875,0
2025-11-30T12:40:43.000Z,25.6725,99.99,74.8407725,0
2025-11-30T13:19:24.000Z,25.27,99.99,74.55753667,0
2025-11-30T13:58:05.000Z,24.945,99.99,74.0044725,0
2025-11-30T14:36:46.000Z,24.605,99.99,73.473215,0
2025-11-30T15:15:27.000Z,24.2825,99.99,73.358635,0
2025-11-30T15:54:08.000Z,24.15,99.99,72.86508333,0
2025-11-30T16:32:49.000Z,23.925,99.99,72.3853975,0
2025-11-30T17:11:30.000Z,23.775,99.99,72.374985,0
2025-11-30T17:50:11.000Z,23.54,99.99,71.6711425,0
2025-11-30T18:28:52.000Z,23.53333333,99.99,71.33333,0
2025-11-30T19:07:33.000Z,23.5625,99.99,71.4137025,0
2025-11-30T19:46:14.000Z,23.36,99.99,71.3169625,0
2025-11-30T20:24:55.000Z,23.24,99.99,70.85119667,0
2025-11-30T21:03:36.000Z,22.985,99.99,70.25595,0
2025-11-30T21:42:17.000Z,23.015,99.99,70.2514875,0
2025-11-30T22:20:58.000Z,23.15,99.99,70.2753,0
2025-11-30T22:59:39.000Z,23.34333333,99.99,70.26785333,0
2025-11-30T23:38:20.000Z,25.4425,99.7125,70.7812525,0
2025-12-01T00:17:01.000Z,28.02,94.09,71.8497,0
2025-12-01T00:55:42.000Z,29.87,86.685,72.300605,0
2025-12-01T01:34:23.000Z,31.89333333,79.21666667,72.88293333,0
2025-12-01T02:13:04.000Z,32.125,77.6375,73.196435,0
2025-12-01T02:51:45.000Z,32.8975,73.3925,73.4419625,0
2025-12-01T03:30:26.000Z,33.56666667,70.26666667,73.69443667,0
2025-12-01T04:09:07.000Z,34.53,67.08,74.04315,0
2025-12-01T04:47:48.000Z,35.205,66.58,74.1488125,0
2025-12-01T05:26:29.000Z,36.025,65.645,74.1145775,0
2025-12-01T06:05:10.000Z,35.55333333,66.34666667,73.81944,0
2025-12-01T06:43:51.000Z,35.3625,66.9625,73.5089025,0
2025-12-01T07:22:32.000Z,35.0025,67.7825,73.157745,0
2025-12-01T08:01:13.000Z,35.005,68.7375,72.5952475,0
2025-12-01T08:39:54.000Z,34.02333333,72.38333333,72.15872,0
2025-12-01T09:18:35.000Z,33.13,73.33,71.4151675,0
2025-12-01T09:57:16.000Z,32.1775,75.8475,70.552085,0
2025-12-01T10:35:57.000Z,30.1,81.81,69.75794333,0
2025-12-01T11:14:38.000Z,28.98333333,86.74333333,69.40674,0
2025-12-01T11:53:19.000Z,27.97,92.13,68.016365,0
2025-12-01T12:32:00.000Z,26.58,99.37,77.4256,0.76835
2025-12-01T13:10:41.000Z,25.855,99.99,66.491075,0
2025-12-01T13:49:22.000Z,25.48333333,99.99,68.24603,0
2025-12-01T14:28:03.000Z,25.225,99.99,66.15278,0
2025-12-01T15:06:44.000Z,25.04,99.99,66.07142,0
2025-12-01T15:45:25.000Z,25.89666667,99.99,66.76984667,0
2025-12-01T16:24:06.000Z,26.0675,99.99,84.50744,0
2025-12-01T17:02:47.000Z,25.49333333,99.99,90.87104333,0
2025-12-01T17:41:28.000Z,25.54333333,99.99,91.55160333,0
2025-12-01T18:20:09.000Z,25.38,99.99,91.9895925,0
2025-12-01T18:58:50.000Z,25.07,99.99,90.61111333,0
2025-12-01T19:37:31.000Z,25.02333333,99.99,90.24999,0
2025-12-01T20:16:12.000Z,24.7725,99.99,70.6621925,0
2025-12-01T20:54:53.000Z,24.70333333,99.99,64.74799333,0
2025-12-01T21:33:34.000Z,24.6275,99.99,64.9404825,0
2025-12-01T22:12:15.000Z,24.495,99.99,70.1175475,0
2025-12-01T22:50:56.000Z,24.495,99.99,68.127985,0
2025-12-01T23:29:37.000Z,25.65666667,99.99,65.0873,0
2025-12-02T00:08:18.000Z,26.9175,98.3125,65.419655,0
2025-12-02T00:46:59.000Z,29.275,90.07,66.678565,0
2025-12-02T01:25:40.000Z,30.23,87.01,66.84724,0
2025-12-02T02:04:21.000Z,31.1175,84.3575,67.5580225,0
2025-12-02T02:43:02.000Z,31.8475,80.6875,67.55059,0
2025-12-02T03:21:43.000Z,30.065,84.7675,66.1785675,0
2025-12-02T04:00:24.000Z,28.96666667,89.42333333,65.43651667,0
2025-12-02T04:39:05.000Z,30.1025,87.5225,65.776795,0
2025-12-02T05:17:46.000Z,30.8075,84.3275,66.04017,0
2025-12-02T05:56:27.000Z,32.32333333,79.21333333,66.52977333,0
2025-12-02T06:35:08.000Z,33.105,77.15,66.92261,0
2025-12-02T07:13:49.000Z,33.085,76.5775,66.84523,0
2025-12-02T07:52:30.000Z,32.69333333,76.46666667,66.69444,0
2025-12-02T08:31:11.000Z,31.8375,79.03,66.6354225,0
2025-12-02T09:09:52.000Z,30.545,84.0075,64.55507,0
2025-12-02T09:48:33.000Z,29.47,86.0525,61.49256,0
2025-12-02T10:27:14.000Z,28.36666667,92.35666667,59.59125667,0
2025-12-02T11:05:55.000Z,26.7925,97.875,59.0431525,0
2025-12-02T11:44:36.000Z,26.0125,99.99,58.96428,0
2025-12-02T12:23:17.000Z,25.5775,99.99,58.5074325,0
2025-12-02T13:01:58.000Z,25.54,99.99,58.78968333,0
2025-12-02T13:40:39.000Z,25.1525,99.99,57.959815,0
2025-12-02T14:19:20.000Z,24.9875,99.99,57.933045,0
2025-12-02T14:58:01.000Z,24.925,99.99,58.284225,0
2025-12-02T15:36:42.000Z,24.88333333,99.99,57.93054333,0
2025-12-02T16:15:23.000Z,25.02,99.99,58.386895,0
2025-12-02T16:54:04.000Z,24.75,99.99,57.93303,0
2025-12-02T17:32:45.000Z,24.39,99.99,57.56152667,0
2025-12-02T18:11:26.000Z,24.1425,99.99,56.9404825,0
2025-12-02T18:50:07.000Z,24.0175,99.99,56.8273825,0
2025-12-02T19:28:48.000Z,24.59,99.99,57.403265,0
2025-12-02T20:07:29.000Z,24.63,99.99,57.79764,0
2025-12-02T20:46:10.000Z,24.4025,99.99,57.223205,0
2025-12-02T21:24:51.000Z,24.2075,99.99,56.852685,0
2025-12-02T22:03:32.000Z,24.2375,99.99,56.858635,0
2025-12-02T22:42:13.000Z,23.79666667,99.99,56.61310667,0
2025-12-02T23:20:54.000Z,24.74,99.99,56.9226075,0
2025-12-02T23:59:35.000Z,27.0975,97.24,58.165175,0
2025-12-03T00:38:16.000Z,29.4475,89.0375,59.13838,0
2025-12-03T01:16:57.000Z,30.95333333,83.6,59.76389667,0
2025-12-03T01:55:38.000Z,32.52,77.9275,60.468765,0
2025-12-03T02:34:19.000Z,32.9425,75.285,60.0386825,0
2025-12-03T03:13:00.000Z,33.16,76.52666667,60.36113333,0
2025-12-03T03:51:41.000Z,34.17,75.08,60.1681425,0
2025-12-03T04:30:22.000Z,33.955,75.245,60.0461275,0
2025-12-03T05:09:03.000Z,33.865,76.7775,60.348205,0
2025-12-03T05:47:44.000Z,34.23,74.49666667,60.44245333,0
2025-12-03T06:26:25.000Z,34.3375,73.385,60.5937425,0
2025-12-03T07:05:06.000Z,34.67,71.7525,60.650275,0
2025-12-03T07:43:47.000Z,34.66,70.6975,60.462775,0
2025-12-03T08:22:28.000Z,34.15333333,72.48666667,60.06548,0
2025-12-03T09:01:09.000Z,31.445,79.255,59.1919475,0
2025-12-03T09:39:50.000Z,30.325,83.4975,58.93304,0
2025-12-03T10:18:31.000Z,28.45,88.59333333,58.17062333,0
2025-12-03T10:57:12.000Z,27.21,92.6575,57.434515,0
2025-12-03T11:35:53.000Z,26.89,94.175,57.3050625,0
2025-12-03T12:14:34.000Z,26.675,95.59,57.21279,0
2025-12-03T12:53:15.000Z,26.39666667,97.6,57.24604333,0
2025-12-03T13:31:56.000Z,25.9125,99.445,56.80508,0
2025-12-03T14:10:37.000Z,25.5325,99.99,56.6934575,0
2025-12-03T14:49:18.000Z,25.41,99.99,56.68602,0
2025-12-03T15:27:59.000Z,25.49333333,99.99,56.9524,0
2025-12-03T16:06:40.000Z,25.6275,99.99,56.9642825,0
2025-12-03T16:45:21.000Z,25.98,99.9675,56.9821575,0
2025-12-03T17:24:02.000Z,25.95666667,99.19333333,56.98613667,0
2025-12-03T18:02:43.000Z,25.835,99.335,56.81399,0
2025-12-03T18:41:24.000Z,25.5725,99.99,56.01935,0
2025-12-03T19:20:05.000Z,25.22,99.99,56.1577375,0
2025-12-03T19:58:46.000Z,25.325,99.99,55.90477,0.76835
2025-12-03T20:37:27.000Z,24.90666667,99.99,55.8631,0
2025-12-03T21:16:08.000Z,24.94333333,99.99,55.87103333,0
2025-12-03T21:54:49.000Z,25.04,99.99,56.013092,0
2025-12-03T22:33:30.000Z,24.83,99.99,55.84864714,0
2025-12-03T23:12:11.000Z,23.73875,99.99,55.44121125,3.2654875
2025-12-03T23:50:52.000Z,23.73875,99.99,55.44121125,3.2654875
2025-12-04T00:29:33.000Z,23.11666667,99.99,71.22024333,0
2025-12-04T01:08:14.000Z,23.11666667,99.99,71.22024333,0
2025-12-04T01:46:55.000Z,25.658,99.99,70.774986,0
2025-12-04T02:25:36.000Z,27.27428571,99.99,77.53401,0
2025-12-04T03:04:17.000Z,30.16285714,99.07571429,73.54761286,0
2025-12-04T03:42:58.000Z,31.04625,97.64875,70.47396625,0
2025-12-04T04:21:39.000Z,32.22857143,81.72428571,69.125,0
2025-12-04T05:00:20.000Z,33.17714286,75.24571429,68.85971,0
2025-12-04T05:39:01.000Z,34.51571429,71.67857143,69.24915143,0
2025-12-04T06:17:42.000Z,33.36285714,74.40428571,68.92007571,0
2025-12-04T06:56:23.000Z,32.72714286,75.83571429,68.36820143,0
2025-12-04T07:35:04.000Z,33.13,73.94428571,68.44557,0
2025-12-04T08:13:45.000Z,31.39285714,79.76142857,67.82057,0
2025-12-04T08:52:26.000Z,30.14428571,83.41285714,67.47617429,0
2025-12-04T09:31:07.000Z,29.674,85.454,67.011894,0
2025-12-04T10:09:48.000Z,28.2125,95.2475,65.89138,0
2025-12-04T10:48:29.000Z,26.77666667,98.58333333,65.35118667,0
2025-12-04T11:27:10.000Z,26.105,99.8275,65.13095,0
2025-12-04T12:05:51.000Z,25.7725,99.99,64.233645,0
2025-12-04T12:44:32.000Z,25.6275,99.99,64.227685,0
2025-12-04T13:23:13.000Z,25.315,99.99,64.1994,0
2025-12-04T14:01:54.000Z,25.025,99.99,63.48957,0
2025-12-04T14:40:35.000Z,24.7975,99.99,63.126495,0
2025-12-04T15:19:16.000Z,24.48333333,99.99,63.0992,0
2025-12-04T15:57:57.000Z,24.3125,99.99,63.0773925,0
2025-12-04T16:36:38.000Z,24.12,99.99,62.977685,0
2025-12-04T17:15:19.000Z,24.1275,99.99,63.071425,0
2025-12-04T17:54:00.000Z,23.95666667,99.99,62.01983333,0
2025-12-04T18:32:41.000Z,23.8275,99.99,62.0133875,0
2025-12-04T19:11:22.000Z,23.7225,99.99,62.0059575,0
2025-12-04T19:50:03.000Z,23.5025,99.99,61.99553,0
2025-12-04T20:28:44.000Z,23.32666667,99.99,61.05157667,0
2025-12-04T21:07:25.000Z,23.23,99.99,60.93155,0
2025-12-04T21:46:06.000Z,23.19,99.99,60.930055,0
2025-12-04T22:24:47.000Z,23.18,99.99,60.94445667,0
2025-12-04T23:03:28.000Z,23.3375,99.99,60.854155,0
2025-12-04T23:42:09.000Z,25.56,98.985,61.3750025,0
2025-12-05T00:20:50.000Z,28.055,93.7275,62.83631,0
2025-12-05T00:59:31.000Z,29.07333333,89.94,63.70435667,0
2025-12-05T01:38:12.000Z,30.08,86.2425,64.0148675,0
2025-12-05T02:16:53.000Z,30.7025,81.795,64.465775,0
2025-12-05T02:55:34.000Z,32.30333333,76.49666667,64.87896667,0
2025-12-05T03:34:15.000Z,33.155,73.3275,64.8571475,0
2025-12-05T04:12:56.000Z,33.88,71.0125,65.0044625,0
2025-12-05T04:51:37.000Z,34.145,70.545,64.791655,0
2025-12-05T05:30:18.000Z,34.96666667,68.09666667,64.97618667,0
2025-12-05T06:08:59.000Z,33.2775,75.3275,63.901795,0
2025-12-05T06:47:40.000Z,34.9475,70.8275,64.10268,0
2025-12-05T07:26:21.000Z,36.22,68.34333333,64.54167667,0
2025-12-05T08:05:02.000Z,33.0875,71.3875,63.2946475,0
2025-12-05T08:43:43.000Z,33.1975,69.705,63.200905,0
2025-12-05T09:22:24.000Z,33.7275,72.095,63.33631,0
2025-12-05T10:01:05.000Z,31.72333333,79.42333333,62.90873333,0
2025-12-05T10:39:46.000Z,29.7175,85.7625,62.270835,0
2025-12-05T11:18:27.000Z,27.7125,95.0475,59.17858,0
2025-12-05T11:57:08.000Z,26.98333333,99.18333333,55.09325333,0
2025-12-05T12:35:49.000Z,26.9575,99.8425,53.851195,0
2025-12-05T13:14:30.000Z,26.8875,99.225,53.8422625,0
2025-12-05T13:53:11.000Z,26.765,95.9475,53.3229225,0
2025-12-05T14:31:52.000Z,26.23333333,91.81666667,52.86509333,0
2025-12-05T15:10:33.000Z,25.7875,93.9025,52.5669625,0
2025-12-05T15:49:14.000Z,25.76,95.64,52.815475,0
2025-12-05T16:27:55.000Z,25.815,96.595,53.428565,0
2025-12-05T17:06:36.000Z,26.09333333,95.92666667,53.87300667,0
2025-12-05T17:45:17.000Z,25.9025,96.75,53.8779675,0
2025-12-05T18:23:58.000Z,25.655,98.0225,53.85418,0
2025-12-05T19:02:39.000Z,25.595,97.9525,53.8511975,0
2025-12-05T19:41:20.000Z,25.33333333,99.22666667,54.06349,0
2025-12-05T20:20:01.000Z,24.865,99.99,53.7886825,0
2025-12-05T20:58:42.000Z,24.555,99.99,54.357125,0
2025-12-05T21:37:23.000Z,24.87333333,99.99,54.94047,0
2025-12-05T22:16:04.000Z,25.035,99.99,55.0044625,0
2025-12-05T22:54:45.000Z,24.79,99.99,54.8199375,0
2025-12-05T23:33:26.000Z,25.6425,99.27,63.0788725,0
2025-12-06T00:12:07.000Z,28.03666667,91.81666667,72.48811,0
2025-12-06T00:50:48.000Z,30.6475,82.835,72.7946325,0
2025-12-06T01:29:29.000Z,31.6125,80.6325,70.5356975,0
2025-12-06T02:08:10.000Z,31.405,79.3775,70.377975,0
2025-12-06T02:46:51.000Z,31.82333333,77.45,70.80952,0
2025-12-06T03:25:32.000Z,32.1975,76.6675,70.1845375,0
2025-12-06T04:04:13.000Z,31.5925,77.2375,69.302085,0
2025-12-06T04:42:54.000Z,31.99333333,75.77666667,69.02778,0
2025-12-06T05:21:35.000Z,31.5275,75.4525,68.0119,0
2025-12-06T06:00:16.000Z,32.2825,74.125,67.7886975,0
2025-12-06T06:38:57.000Z,30.0575,79.68,65.562515,0
2025-12-06T07:17:38.000Z,29.97333333,79.58666667,65.25793333,0
2025-12-06T07:56:19.000Z,29.5925,80.4725,64.66964,0
2025-12-06T08:35:00.000Z,28.665,83.0575,64.0907775,0
2025-12-06T09:13:41.000Z,28.3,84.6425,63.511905,0
2025-12-06T09:52:22.000Z,27.69333333,86.41666667,63.13293333,0
2025-12-06T10:31:03.000Z,27.1075,88.7,62.3616025,0
2025-12-06T11:09:44.000Z,26.3225,92.1125,61.8541725,0
2025-12-06T11:48:25.000Z,26.13333333,93.35666667,61.71826333,0
2025-12-06T12:27:06.000Z,26.2325,92.115,61.7574375,0
2025-12-06T13:05:47.000Z,25.975,91.9575,61.3928375,0
2025-12-06T13:44:28.000Z,25.7175,93.905,61.122025,0
2025-12-06T14:23:09.000Z,25.70333333,95.23333333,61.1012,0
2025-12-06T15:01:50.000Z,25.8225,95.505,61.1383725,0
2025-12-06T15:40:31.000Z,25.8325,95.49,61.21279,0
2025-12-06T16:19:12.000Z,25.78666667,94.75,61.12896667,0
2025-12-06T16:57:53.000Z,25.4675,96.3025,60.58631,0
2025-12-06T17:36:34.000Z,25.15,98.28,60.1993775,0
2025-12-06T18:15:15.000Z,24.6,99.8225,59.733625,0
2025-12-06T18:53:56.000Z,24.21333333,99.99,58.92461333,0
2025-12-06T19:32:37.000Z,24.1075,99.99,58.9107325,0
2025-12-06T20:11:18.000Z,23.54,99.99,58.107125,0
2025-12-06T20:49:59.000Z,23.36,99.99,58.0863125,0
2025-12-06T21:28:40.000Z,23.49333333,99.99,58.07341667,0
2025-12-06T22:07:21.000Z,23.71,99.99,58.11905,0
2025-12-06T22:46:02.000Z,23.525,99.99,58.0223225,0
2025-12-06T23:24:43.000Z,24.1525,99.99,57.9925625,0
2025-12-07T00:03:24.000Z,25.27333333,99.04666667,58.96628667,0
2025-12-07T00:42:05.000Z,27.6225,90.15,59.5520925,0
2025-12-07T01:20:46.000Z,29.805,80.98,67.424105,0
2025-12-07T01:59:27.000Z,31.08333333,75.14,76.85515333,0
2025-12-07T02:38:08.000Z,31.755,70.59,78.48809,0
2025-12-07T03:16:49.000Z,32.54,67.41,78.68602,0
2025-12-07T03:55:30.000Z,33.985,63.2625,78.63243,0
2025-12-07T04:34:11.000Z,33.75333333,64.89666667,78.12698333,0
2025-12-07T05:12:52.000Z,33.9275,63.8575,77.800615,0
2025-12-07T05:51:33.000Z,34.245,62.1075,77.58777,0
2025-12-07T06:30:14.000Z,34.005,64.3075,76.7931525,0
2025-12-07T07:08:55.000Z,33.98,63.04,76.15873333,0
2025-12-07T07:47:36.000Z,34.1525,69.715,75.6532575,0
2025-12-07T08:26:17.000Z,32.3075,78.295,74.436005,0
2025-12-07T09:04:58.000Z,31.19333333,82.66666667,73.88095333,0
2025-12-07T09:43:39.000Z,31.1125,83.1075,72.4032675,0
2025-12-07T10:22:20.000Z,29.3325,89.28,61.0669625,0
2025-12-07T11:01:01.000Z,28.1325,92.315,52.901785,0
2025-12-07T11:39:42.000Z,27.35,92.76666667,49.3492,0
2025-12-07T12:18:23.000Z,26.9225,96.2475,48.135415,0
2025-12-07T12:57:04.000Z,26.24,98.6875,46.977685,0
2025-12-07T13:35:45.000Z,25.5125,99.99,46.4062525,0
2025-12-07T14:14:26.000Z,25.10333333,99.99,45.83927333,0
2025-12-07T14:53:07.000Z,24.7675,98.805,45.47323,0
2025-12-07T15:31:48.000Z,24.77,96.9175,45.4732125,0
2025-12-07T16:10:29.000Z,24.385,98.585,45.4359975,0
2025-12-07T16:49:10.000Z,24.12666667,99.94666667,45.42659667,0
2025-12-07T17:27:51.000Z,24.13,99.9275,45.4107225,0
2025-12-07T18:06:32.000Z,23.8725,99.99,45.409235,0
2025-12-07T18:45:13.000Z,23.81,99.99,45.40473333,0
2025-12-07T19:23:54.000Z,23.805,99.99,45.57588,0
2025-12-07T20:02:35.000Z,23.64,99.99,45.48809,0
2025-12-07T20:41:16.000Z,23.6325,99.99,45.303565,0
2025-12-07T21:19:57.000Z,23.58,99.99,45.39880333,0
2025-12-07T21:58:38.000Z,23.41,99.99,45.290185,0
2025-12-07T22:37:19.000Z,23.2,99.99,45.1071475,0
2025-12-07T23:16:00.000Z,23.7,99.99,45.39682,0
2025-12-07T23:54:41.000Z,25.8275,95.6775,46.31844,0
2025-12-08T00:33:22.000Z,27.56,89.59,46.8898825,0
2025-12-08T01:12:03.000Z,29.125,84.23,47.6294475,0
2025-12-08T01:50:44.000Z,30.36333333,81.20666667,48.29363,0
2025-12-08T02:29:25.000Z,32.0375,75.91,50.8690475,0
2025-12-08T03:08:06.000Z,32.715,73.2,53.0684425,0
2025-12-08T03:46:47.000Z,32.79333333,71.73333333,53.60119667,0
2025-12-08T04:25:28.000Z,32.63,72.05,54.745545,0
2025-12-08T05:04:09.000Z,32.5725,72.01,55.671105,0
2025-12-08T05:42:50.000Z,32.26666667,72.17,55.65874333,0
2025-12-08T06:21:31.000Z,31.8175,72.965,50.366065,0
2025-12-08T07:00:12.000Z,32.07,70.7575,49.36904,0
2025-12-08T07:38:53.000Z,32.27,71.965,49.967245,0
2025-12-08T08:17:34.000Z,31.53333333,72.44,49.53371333,0
2025-12-08T08:56:15.000Z,30.6,75.755,49.81546,0
2025-12-08T09:34:56.000Z,29.815,78.9725,48.6160725,0
2025-12-08T10:13:37.000Z,28.5375,82.115,49.42707,0
2025-12-08T10:52:18.000Z,28.04,87.18,49.18252333,0
2025-12-08T11:30:59.000Z,26.62666667,95.47,49.31547,0
2025-12-08T12:09:40.000Z,25.53,99.72,49.674105,0
2025-12-08T12:48:21.000Z,25.59333333,97.68,49.21231,0
2025-12-08T13:27:02.000Z,25.2075,96.975,48.62648,0
2025-12-08T14:05:43.000Z,24.3,99.99,48.1205375,0
2025-12-08T14:44:24.000Z,24.24,99.5525,47.58184,0
2025-12-08T15:23:05.000Z,24.36,98.71,48.08731,0
2025-12-08T16:01:46.000Z,24.3775,98.3775,49.1503225,0
2025-12-08T16:40:27.000Z,24.5625,97.1275,49.427095,0
2025-12-08T17:19:08.000Z,24.405,97.1025,49.239585,0
2025-12-08T17:57:49.000Z,23.61,99.94666667,48.73015333,0
2025-12-08T18:36:30.000Z,23.345,99.99,48.382445,0
2025-12-08T19:15:11.000Z,23.1,99.99,49.0535725,0
2025-12-08T19:53:52.000Z,22.82,99.99,48.9523925,0
2025-12-08T20:32:33.000Z,22.6,99.99,48.88689,0
2025-12-08T21:11:14.000Z,22.4425,99.99,48.49405,0
2025-12-08T21:49:55.000Z,22.5425,99.99,48.936005,0
2025-12-08T22:28:36.000Z,22.72666667,99.99,49.125,0
2025-12-08T23:07:17.000Z,23.0525,99.99,48.97619,0
2025-12-08T23:45:58.000Z,24.4725,96.745,49.9970325,0
2025-12-09T00:24:39.000Z,26.6475,88.2375,50.3184525,0
2025-12-09T01:03:20.000Z,27.73333333,83.39666667,51.48016333,0
2025-12-09T01:42:01.000Z,28.405,80.2975,51.69494,0
2025-12-09T02:20:42.000Z,29.725,77.7525,52.5521,0
2025-12-09T02:59:23.000Z,30.555,74.7775,53.4032675,0
2025-12-09T03:38:04.000Z,31.85333333,72.56333333,54.0873,0
2025-12-09T04:16:45.000Z,32.1925,70.6275,54.395835,0
2025-12-09T04:55:26.000Z,32.9725,69.49,55.45237,0
2025-12-09T05:34:07.000Z,32.89,68.77,55.25397667,0
2025-12-09T06:12:48.000Z,33.495,67.14,55.691965,0
2025-12-09T06:51:29.000Z,33.16,67.87,55.4315575,0
2025-12-09T07:30:10.000Z,32.92,68.4475,55.1636975,0
2025-12-09T08:08:51.000Z,32.87,67.44333333,55.82738333,0
2025-12-09T08:47:32.000Z,32.22,69.0475,55.187515,0
2025-12-09T09:26:13.000Z,30.44,73.845,54.242545,0
2025-12-09T10:04:54.000Z,29.1625,78.3325,53.72171,0
2025-12-09T10:43:35.000Z,28.09,82.98666667,53.80753667,0
2025-12-09T11:22:16.000Z,27.665,84.575,53.901765,0
2025-12-09T12:00:57.000Z,27.28,85.5675,52.4077375,0
2025-12-09T12:39:38.000Z,27.02,86.76333333,53.14088,0
2025-12-09T13:18:19.000Z,26.8025,86.8075,53.67113,0
2025-12-09T13:57:00.000Z,26.43,87.7175,53.910705,0
2025-12-09T14:35:41.000Z,26.055,89.0925,53.0059525,0
2025-12-09T15:14:22.000Z,26.20333333,88.45333333,53.30753667,0
2025-12-09T15:53:03.000Z,26.1225,88.4125,53.1934425,0
2025-12-09T16:31:44.000Z,25.99,88.1175,53.10267,0
2025-12-09T17:10:25.000Z,25.76,87.66,53.0640025,0
2025-12-09T17:49:06.000Z,25.6,87.16666667,52.46825,0
2025-12-09T18:27:47.000Z,24.805,91.21,50.424095,0
2025-12-09T19:06:28.000Z,23.7375,97.755,49.5610025,0
2025-12-09T19:45:09.000Z,23.515,97.8275,49.883935,0
2025-12-09T20:23:50.000Z,23.64333333,97.69,50.12104333,0
2025-12-09T21:02:31.000Z,22.975,99.99,49.58779,0
2025-12-09T21:41:12.000Z,22.48,99.99,49.8884125,0
2025-12-09T22:19:53.000Z,22.49666667,99.99,49.91470333,0
2025-12-09T22:58:34.000Z,22.4725,99.99,50.83185,0
2025-12-09T23:37:15.000Z,24.6775,94.93,51.276785,0
2025-12-10T00:15:56.000Z,27.225,86.185,52.1383975,0
2025-12-10T00:54:37.000Z,28.98,81.04666667,53.37897667,0
2025-12-10T01:33:18.000Z,30.6075,74.3625,54.559525,0
2025-12-10T02:11:59.000Z,32.1525,70.1725,55.221725,0
2025-12-10T02:50:40.000Z,32.5225,66.79,55.6592175,0
2025-12-10T03:29:21.000Z,33.69333333,63.48,56.24008,0
2025-12-10T04:08:02.000Z,34.5125,61.8275,56.005925,0
2025-12-10T04:46:43.000Z,34.67,63.925,56.498505,0
2025-12-10T05:25:24.000Z,34.4875,64.9825,56.3020875,0
2025-12-10T06:04:05.000Z,34.66,65.13333333,56.51189333,0
2025-12-10T06:42:46.000Z,34.1,69.445,56.6011975,0
2025-12-10T07:21:27.000Z,33.0525,73.3775,56.0833325,0
2025-12-10T08:00:08.000Z,33.29333333,72.69,56.08929333,0
2025-12-10T08:38:49.000Z,33.0025,73.4925,56.1339175,0
2025-12-10T09:17:30.000Z,32.7325,73.7325,55.8616175,0
2025-12-10T09:56:11.000Z,29.1125,83.975,54.59078,0
2025-12-10T10:34:52.000Z,27.84666667,88.66,53.90278333,0
2025-12-10T11:13:33.000Z,26.6325,94.07,52.8794775,0
2025-12-10T11:52:14.000Z,26.0325,96.1375,52.825895,0
2025-12-10T12:30:55.000Z,25.7525,97.9925,52.808045,0
2025-12-10T13:09:36.000Z,25.63,97.47,52.67858,0
2025-12-10T13:48:17.000Z,25.0975,99.9225,51.9895875,0
2025-12-10T14:26:58.000Z,24.7525,99.99,51.9434575,0
2025-12-10T15:05:39.000Z,24.65666667,99.99,52.03969333,0
2025-12-10T15:44:20.000Z,24.445,99.99,51.91965,0
2025-12-10T16:23:01.000Z,24.325,99.99,51.66222,0
2025-12-10T17:01:42.000Z,24.065,99.99,51.8005725,0
2025-12-10T17:40:23.000Z,24.02333333,99.99,51.98809667,0
2025-12-10T18:19:04.000Z,24.285,99.99,52.1741025,0
2025-12-10T18:57:45.000Z,24.0525,99.99,51.7336275,0
2025-12-10T19:36:26.000Z,24.1575,99.99,51.73215,0
2025-12-10T20:15:07.000Z,24.53,99.99,52.01786333,0
2025-12-10T20:53:48.000Z,24.31,99.99,51.6681575,0
2025-12-10T21:32:29.000Z,24.135,99.99,51.633935,0
2025-12-10T22:11:10.000Z,24.06333333,99.99,51.64482667,0
2025-12-10T22:49:51.000Z,24.0625,99.99,51.5535575,0
2025-12-10T23:28:32.000Z,24.6625,99.99,51.8720325,0
2025-12-11T00:07:13.000Z,25.36333333,99.99,52.55953,0
2025-12-11T00:45:54.000Z,23.77,99.99,61.67856,0
2025-12-11T01:24:35.000Z,24.07,99.99,60.30954,0
2025-12-11T02:03:16.000Z,24.07,99.99,60.30954,0
2025-12-11T02:41:57.000Z,25.7825,99.99,61.296125,0.384175
2025-12-11T03:20:38.000Z,26.97571429,99.99,61.73555143,0
2025-12-11T03:59:19.000Z,28.02142857,99.99,61.35204286,0
2025-12-11T04:38:00.000Z,29.91,98.93,60.90305857,0
2025-12-11T05:16:41.000Z,30.58,99.37,60.769345,0
2025-12-11T05:55:22.000Z,33.68285714,81.21,60.65136286,0
2025-12-11T06:34:03.000Z,34.19714286,73.16428571,60.32653429,0
2025-12-11T07:12:44.000Z,33.78571429,71.95714286,59.70239286,0
2025-12-11T07:51:25.000Z,33.41285714,72.14428571,58.89796,0
2025-12-11T08:30:06.000Z,32.77428571,73.50714286,58.14115286,0
2025-12-11T09:08:47.000Z,33.01428571,71.32285714,58.40050429,0
2025-12-11T09:47:28.000Z,31.82857143,73.34857143,57.7483,0
2025-12-11T10:26:09.000Z,29.775,80.8625,57.7618875,0
2025-12-11T11:04:50.000Z,27.415,91.545,56.2247025,0
2025-12-11T11:43:31.000Z,25.645,99.6025,55.816965,0
2025-12-11T12:22:12.000Z,25.025,99.99,54.8154825,0
2025-12-11T13:00:53.000Z,24.7,99.99,54.79167,0
2025-12-11T13:39:34.000Z,24.4725,99.99,54.78125,0
2025-12-11T14:18:15.000Z,24.3075,99.99,54.7618925,0
2025-12-11T14:56:56.000Z,24.25333333,99.99,54.76388667,0
2025-12-11T15:35:37.000Z,24.3075,99.99,54.764875,0
2025-12-11T16:14:18.000Z,24.4925,99.99,54.8005925,0
2025-12-11T16:52:59.000Z,24.4975,99.99,54.28273,0
2025-12-11T17:31:40.000Z,24.37,99.99,54.32737333,0
2025-12-11T18:10:21.000Z,24.015,99.99,53.72023,0
2025-12-11T18:49:02.000Z,23.9075,99.99,53.96431,0
2025-12-11T19:27:43.000Z,23.77666667,99.99,54.28967333,0
2025-12-11T20:06:24.000Z,23.625,99.99,53.6889875,0
2025-12-11T20:45:05.000Z,23.4475,99.99,53.6026825,0
2025-12-11T21:23:46.000Z,23.3025,99.99,53.5014875,0
2025-12-11T22:02:27.000Z,23.37,99.99,53.68849667,0
2025-12-11T22:41:08.000Z,23.3825,99.99,53.5967425,0
2025-12-11T23:19:49.000Z,24.07,99.99,53.733635,0
2025-12-11T23:58:30.000Z,25.27666667,99.99,54.78173667,0
2025-12-12T00:37:11.000Z,26.98,97.075,55.690475,0
2025-12-12T01:15:52.000Z,30.0525,87.52,57.2306525,0
2025-12-12T01:54:33.000Z,31.685,80.875,58.0178525,0
2025-12-12T02:33:14.000Z,33.2,76.09666667,58.52777,0
2025-12-12T03:11:55.000Z,32.8025,76.1675,57.9494025,0
2025-12-12T03:50:36.000Z,33.5725,72.3325,57.3898775,0
2025-12-12T04:29:17.000Z,35.795,66.125,57.9196475,0
2025-12-12T05:07:58.000Z,33.81666667,74.12666667,58.28570667,0
2025-12-12T05:46:39.000Z,33.555,74.8875,58.4449375,0
2025-12-12T06:25:20.000Z,32.86666667,76.1,57.52975667,0
2025-12-12T07:04:01.000Z,25.765,99.99,55.83333,6.1468
2025-12-12T07:42:42.000Z,27.61142857,99.68,57.17091714,2.195285714
2025-12-12T08:21:23.000Z,28.16428571,99.23714286,59.60798857,0
2025-12-12T09:00:04.000Z,28.36571429,94.76571429,64.29846571,0
2025-12-12T09:38:45.000Z,28.04,94.65285714,65.16751571,0
2025-12-12T10:17:26.000Z,26.19,96.44,63.65816,0
2025-12-12T10:56:07.000Z,25.29714286,98.58571429,62.72109143,0
2025-12-12T11:34:48.000Z,24.99142857,99.57571429,62.19728714,0
2025-12-12T12:13:29.000Z,25.06857143,99.34285714,62.34949143,0
2025-12-12T12:52:10.000Z,24.92,99.55,62.1860125,0
2025-12-12T13:30:51.000Z,24.92142857,98.94714286,62.10034714,0
2025-12-12T14:09:32.000Z,25.02428571,97.83857143,62.10715429,0
2025-12-12T14:48:13.000Z,24.78,99.17571429,62.09439429,0
2025-12-12T15:26:54.000Z,24.51142857,99.99,61.86904429,0
2025-12-12T16:05:35.000Z,24.56857143,99.99,61.28147286,0
2025-12-12T16:44:16.000Z,24.61,99.99,61.03173667,0
2025-12-12T17:22:57.000Z,24.71,99.99,61.04761,0
2025-12-12T18:01:38.000Z,24.60428571,99.99,60.99319143,0
2025-12-12T18:40:19.000Z,24.92285714,99.99,61.06633857,0
2025-12-12T19:19:00.000Z,24.67285714,99.99,60.75679286,0
2025-12-12T19:57:41.000Z,24.45571429,99.99,60.00085,0
2025-12-12T20:36:22.000Z,24.39142857,99.99,60.03656429,0
2025-12-12T21:15:03.000Z,24.59,99.99,60.00296,0
2025-12-12T21:53:44.000Z,23.62142857,99.99,60.48724857,0.439057143
2025-12-12T22:32:25.000Z,23.56,99.99,60.87671143,0
2025-12-12T23:11:06.000Z,23.70428571,99.99,61.37924571,0
2025-12-12T23:49:47.000Z,24.14428571,99.99,62.64881429,0
2025-12-13T00:28:28.000Z,24.98857143,99.99,66.30952714,0
2025-12-13T01:07:09.000Z,26.78285714,99.99,70.62159857,0
2025-12-13T01:45:50.000Z,30.19857143,88.42285714,72.26530143,0
2025-12-13T02:24:31.000Z,31.34142857,81.69857143,72.87923714,0
2025-12-13T03:03:12.000Z,32.105,79.40875,73.60342,0
2025-12-13T03:41:53.000Z,33.19,74.78571429,73.24149143,0
2025-12-13T04:20:34.000Z,32.11142857,77.11857143,71.75509571,0
2025-12-13T04:59:15.000Z,32.09714286,79.56428571,70.78061,0
2025-12-13T05:37:56.000Z,32.85285714,77.65428571,70.33334,0
2025-12-13T06:16:37.000Z,33.31285714,76.22,70.18283,0
2025-12-13T06:55:18.000Z,30.73333333,88.56333333,69.41862667,1.024466667
2025-12-13T07:33:59.000Z,31.24,86.82666667,68.98015333,1.024466667
2025-12-13T08:12:40.000Z,31.65285714,81.71857143,68.35118143,0
2025-12-13T08:51:21.000Z,31.266,85.068,67.69286,0
2025-12-13T09:30:02.000Z,27.53,99.99,66.42261,0
2025-12-13T10:08:43.000Z,27.26714286,99.99,65.70323,0
2025-12-13T10:47:24.000Z,26.49714286,99.99,64.85459143,0
2025-12-13T11:26:05.000Z,26.21142857,99.99,64.29421143,0
2025-12-13T12:04:46.000Z,26.13,99.86428571,64.04251571,0
2025-12-13T12:43:27.000Z,26.21571429,98.77285714,63.27636857,0
2025-12-13T13:22:08.000Z,26.13625,99.06875,63.19123,0
2025-12-13T14:00:49.000Z,25.79857143,99.59142857,62.43197143,0
2025-12-13T14:39:30.000Z,25.37,99.17285714,61.80783143,0
2025-12-13T15:18:11.000Z,24.88,99.99,61.18367429,0
2025-12-13T15:56:52.000Z,24.47714286,99.99,60.56461857,0
2025-12-13T16:35:33.000Z,24.36,99.99,60.15561143,0
2025-12-13T17:14:14.000Z,24.49142857,99.99,59.97194857,0
2025-12-13T17:52:55.000Z,24.33,99.99,59.96429429,0
2025-12-13T18:31:36.000Z,24.34428571,99.99,59.71513857,0
2025-12-13T19:10:17.000Z,24.26142857,99.99,59.46513571,0
2025-12-13T19:48:58.000Z,24.06571429,99.99,59.06207857,0
2025-12-13T20:27:39.000Z,23.86,99.99,58.8087775,0
2025-12-13T21:06:20.000Z,23.59,99.99,58.38094571,0
2025-12-13T21:45:01.000Z,23.42857143,99.99,57.83332857,0
2025-12-13T22:23:42.000Z,23.49857143,99.99,57.83928429,0
2025-12-13T23:02:23.000Z,23.69428571,99.99,57.90052429,0
2025-12-13T23:41:04.000Z,24.82428571,99.99,57.94812857,0
2025-12-14T00:19:45.000Z,26.12666667,98.67,58.13788333,0
2025-12-14T00:58:26.000Z,27.8225,93.31,59.0684525,0
2025-12-14T01:37:07.000Z,30.35714286,83.31428571,59.77976286,0
2025-12-14T02:15:48.000Z,31.93428571,77.92285714,60.63690714,0
2025-12-14T02:54:29.000Z,32.9275,74.4725,61.18007,0
2025-12-14T03:33:10.000Z,32.6225,74.6825,62.4687425,0
2025-12-14T04:11:51.000Z,33.61,72.565,61.5074475,0
2025-12-14T04:50:32.000Z,32.47,75.7525,60.6711425,0
2025-12-14T05:29:13.000Z,32.99666667,76.83,60.65874667,0
2025-12-14T06:07:54.000Z,33.6925,74.6325,61.0015075,0
2025-12-14T06:46:35.000Z,32.385,79.615,60.7187575,0
2025-12-14T07:25:16.000Z,29.81666667,86.30666667,59.62698333,0
2025-12-14T08:03:57.000Z,27.04,96.28333333,58.51587,3.0734
2025-12-14T08:42:38.000Z,27.04,96.28333333,58.51587,3.0734
2025-12-14T09:21:19.000Z,24.03,99.99,71.375,7.6835
2025-12-14T10:00:00.000Z,24.024,99.99,69.84405,1.84404
2025-12-14T10:38:41.000Z,24.17285714,99.99,69.34864714,0
2025-12-14T11:17:22.000Z,24.16666667,99.99,69.06945667,0
2025-12-14T11:56:03.000Z,24.16666667,99.99,69.06945667,0
2025-12-14T12:34:44.000Z,24.11333333,99.99,68.375,1.5367
2025-12-14T13:13:25.000Z,24.17,99.99,68.349715,0
2025-12-14T13:52:06.000Z,24,99.99,68.15078667,1.024466667
2025-12-14T14:30:47.000Z,23.81857143,99.99,67.76020429,0
2025-12-14T15:09:28.000Z,23.68142857,99.99,67.4983,0
2025-12-14T15:48:09.000Z,23.65714286,99.99,67.24404,0
2025-12-14T16:26:50.000Z,23.62428571,99.99,67.19727286,0
2025-12-14T17:05:31.000Z,23.64285714,99.99,66.65221429,0
2025-12-14T17:44:12.000Z,23.69285714,99.99,66.35799429,0
2025-12-14T18:22:53.000Z,23.62714286,99.99,66.15221429,0
2025-12-14T19:01:34.000Z,23.65125,99.99,65.59672875,0
2025-12-14T19:40:15.000Z,23.59571429,99.99,65.10715,0
2025-12-14T20:18:56.000Z,23.45571429,99.99,64.66071429,0
2025-12-14T20:57:37.000Z,23.26428571,99.99,64.05867714,0
2025-12-14T21:36:18.000Z,23.16857143,99.99,64.00169714,0
2025-12-14T22:14:59.000Z,23.01571429,99.99,63.38859429,0
2025-12-14T22:53:40.000Z,23.15428571,99.99,63.01443714,0
2025-12-14T23:32:21.000Z,23.4425,99.99,63.028275,0
2025-12-15T00:11:02.000Z,24.56,99.99,63.303584,0.30734
2025-12-15T00:49:43.000Z,25.00428571,99.99,63.92346571,0
2025-12-15T01:28:24.000Z,25.58,99.99,64.04505143,0
2025-12-15T02:07:05.000Z,26.07142857,99.99,64.25679571,0
2025-12-15T02:45:46.000Z,25.76857143,99.99,63.53487,0
2025-12-15T03:24:27.000Z,26.79714286,99.99,63.77975714,0
2025-12-15T04:03:08.000Z,26.22857143,99.99,63.19132143,0
2025-12-15T04:41:49.000Z,26.17,99.99,63.31324875,0
2025-12-15T05:20:30.000Z,26.88166667,99.99,63.505945,0
2025-12-15T05:59:11.000Z,27.02571429,99.99,63.52040714,0
2025-12-15T06:37:52.000Z,28.55428571,92.5,63.43961857,0
2025-12-15T07:16:33.000Z,28.72428571,86.34857143,62.82058286,0
2025-12-15T07:55:14.000Z,28.51285714,86.55285714,62.48555,0
2025-12-15T08:33:55.000Z,28.11428571,86.6,62.44047286,0
2025-12-15T09:12:36.000Z,27.42857143,88.55428571,62.01275286,0
2025-12-15T09:51:17.000Z,27.63125,89.2775,61.8891375,0
2025-12-15T10:29:58.000Z,25.58142857,96.03,60.77210286,0
2025-12-15T11:08:39.000Z,24.49285714,99.99,60.11990286,0
2025-12-15T11:47:20.000Z,24.65571429,99.99,60.07739143,0
2025-12-15T12:26:01.000Z,24.77285714,99.90714286,59.99490857,0
2025-12-15T13:04:42.000Z,24.61142857,99.99,59.88266286,0
2025-12-15T13:43:23.000Z,24.50857143,99.99,59.28231286,0
2025-12-15T14:22:04.000Z,24.26285714,99.99,58.91241,0
2025-12-15T15:00:45.000Z,24.1,99.99,58.90902,0
2025-12-15T15:39:26.000Z,24.22428571,99.99,58.91156143,0
2025-12-15T16:18:07.000Z,24.2475,99.99,58.919635,0
2025-12-15T16:56:48.000Z,24.05857143,99.99,58.56549286,0
2025-12-15T17:35:29.000Z,23.61285714,99.99,57.97788714,0
2025-12-15T18:14:10.000Z,23.77857143,99.99,58.05357714,0
2025-12-15T18:52:51.000Z,23.75142857,99.99,58.79167571,0
2025-12-15T19:31:32.000Z,23.73285714,99.99,57.85374286,0
2025-12-15T20:10:13.000Z,23.53333333,99.99,58.76786333,0.512233333
2025-12-15T20:48:54.000Z,23.53333333,99.99,58.76786333,0.512233333
2025-12-15T21:27:35.000Z,23.6,99.99,57.8512,1.5367
2025-12-15T22:06:16.000Z,23.58333333,99.99,58.06945,0.512233333
2025-12-15T22:44:57.000Z,23.48571429,99.99,57.84013429,0
2025-12-15T23:23:38.000Z,23.67285714,99.99,58.33929429,0
2025-12-16T00:02:19.000Z,24.26428571,99.99,58.34608714,0
2025-12-16T00:41:00.000Z,25.225,99.99,59.27827375,0
2025-12-16T01:19:41.000Z,25.69857143,99.99,59.11224286,0
2025-12-16T01:58:22.000Z,26.34571429,99.99,59.49150286,0
2025-12-16T02:37:03.000Z,26.45571429,99.99,59.26445857,0
2025-12-16T03:15:44.000Z,28.11142857,92.58,59.95663429,0
2025-12-16T03:54:25.000Z,28.12285714,92.59428571,59.44642286,0
2025-12-16T04:33:06.000Z,30.04285714,86.05857143,60.30781571,0
2025-12-16T05:11:47.000Z,28.05142857,91.99285714,59.58418571,0
2025-12-16T05:50:28.000Z,26.13,99.99,59.12499667,0
2025-12-16T06:29:09.000Z,26.38142857,99.99,59.22619143,0.219528571
2025-12-16T07:07:50.000Z,28.34714286,96.81285714,60.00341429,0
2025-12-16T07:46:31.000Z,29.63428571,84.13142857,60.25936571,0
2025-12-16T08:25:12.000Z,29.57142857,83.59142857,60.65902286,0
2025-12-16T09:03:53.000Z,28.58428571,85.33714286,59.34780143,0
2025-12-16T09:42:34.000Z,27.75714286,88.82571429,59.25001,0
2025-12-16T10:21:15.000Z,26.7525,93.26625,59.09002625,0
2025-12-16T10:59:56.000Z,25.87142857,96.25428571,58.11223857,0
2025-12-16T11:38:37.000Z,25.37,99.29333333,57.97222833,0
2025-12-16T12:17:18.000Z,25.11857143,99.99,57.89797,0
2025-12-16T12:55:59.000Z,24.68142857,99.99,57.92688143,0
2025-12-16T13:34:40.000Z,24.38333333,99.99,57.89088,1.024466667
2025-12-16T14:13:21.000Z,24.15,99.99,57.8988,3.0734
2025-12-16T14:52:02.000Z,24.11,99.99,57.88095,3.0734
2025-12-16T15:30:43.000Z,24.26,99.99,57.89285,0.92202
2025-12-16T16:09:24.000Z,24.28,99.99,58.24405,6.1468
2025-12-16T16:48:05.000Z,24.27142857,99.99,58.83248429,0
2025-12-16T17:26:46.000Z,24.26142857,99.99,58.82993429,0
2025-12-16T18:05:27.000Z,24.25666667,99.99,58.80754667,0
2025-12-16T18:44:08.000Z,24.1225,99.99,58.8258925,0
2025-12-16T19:22:49.000Z,24.09666667,99.99,59.83928333,1.5367
2025-12-16T20:01:30.000Z,24.05428571,99.99,59.95834286,0
2025-12-16T20:40:11.000Z,24.0475,99.99,59.602685,0.384175
2025-12-16T21:18:52.000Z,24.095,99.99,59.96727,2.30505
2025-12-16T21:57:33.000Z,24.08,99.99,59.89644,0.61468
2025-12-16T22:36:14.000Z,24.11,99.99,60.12499,0
2025-12-16T23:14:55.000Z,24.13,99.99,59.93454,0
2025-12-16T23:53:36.000Z,24.19,99.99,60.4047475,0
2025-12-17T00:32:17.000Z,25.025,99.99,61.26785,0
2025-12-17T01:10:58.000Z,25.80875,99.99,61.59152375,0
2025-12-17T01:49:39.000Z,26.52571429,99.99,62.37329429,0
2025-12-17T02:28:20.000Z,27.36428571,99.99,62.65560714,0
2025-12-17T03:07:01.000Z,27.45714286,99.99,62.69727857,0
2025-12-17T03:45:42.000Z,28.24285714,99.99,65.58672714,0
2025-12-17T04:24:23.000Z,27.62,99.99,71.20069714,0
2025-12-17T05:03:04.000Z,29.22285714,97.57142857,72.46087714,0
2025-12-17T05:41:45.000Z,29.53714286,87.26714286,71.90135714,0
2025-12-17T06:20:26.000Z,29.205,87.925,71.9702375,0
2025-12-17T06:59:07.000Z,29.205,87.925,71.9702375,0
2025-12-17T07:37:48.000Z,25.27,99.99,76.32736,0
2025-12-17T08:16:29.000Z,25.27,99.99,76.32736,0
2025-12-17T08:55:10.000Z,25.27,99.99,76.32736,0
2025-12-17T09:33:51.000Z,24.32,99.99,108.7678,0
2025-12-17T10:12:32.000Z,24.42,99.99,111.881,1.5367
2025-12-17T10:51:13.000Z,24.4325,99.99,105.05655,0
2025-12-17T11:29:54.000Z,24.29428571,99.99,103.9217571,0
2025-12-17T12:08:35.000Z,24.27142857,99.99,102.0433714,0
2025-12-17T12:47:16.000Z,24.2,99.99,101.2663688,0
2025-12-17T13:25:57.000Z,24.12142857,99.99,99.16583429,0
2025-12-17T14:04:38.000Z,24.07285714,99.99,96.63520143,0
2025-12-17T14:43:19.000Z,24.10571429,99.99,93.96173,0
2025-12-17T15:22:00.000Z,24.14428571,99.99,92.53486429,0
2025-12-17T16:00:41.000Z,24.12428571,99.99,91.10374857,0
2025-12-17T16:39:22.000Z,24.06857143,99.99,90.66582,0
2025-12-17T17:18:03.000Z,24.02428571,99.99,89.22193714,0
2025-12-17T17:56:44.000Z,24.06125,99.99,88.28794125,0
2025-12-17T18:35:25.000Z,24.10571429,99.99,88.09608571,0
2025-12-17T19:14:06.000Z,24.07428571,99.99,86.94983143,0
2025-12-17T19:52:47.000Z,24.13714286,99.99,85.56631571,0
2025-12-17T20:31:28.000Z,24.15714286,99.99,84.62756571,0
2025-12-17T21:10:09.000Z,24.17833333,99.99,83.21231,0
2025-12-17T21:48:50.000Z,24.17833333,99.99,83.21231,0
2025-12-17T22:27:31.000Z,24.17833333,99.99,83.21231,0
2025-12-17T23:06:12.000Z,24,99.99,83.48218,13.8303
2025-12-17T23:44:53.000Z,24.055,99.99,82.70388,1.5367
2025-12-18T00:23:34.000Z,24.41714286,99.99,82.82994429,0
2025-12-18T01:02:15.000Z,25.05571429,99.99,83.52805857,0
2025-12-18T01:40:56.000Z,25.99285714,99.99,83.75340571,0
2025-12-18T02:19:37.000Z,27.00571429,99.99,83.71768,0
2025-12-18T02:58:18.000Z,27.40833333,99.99,84.15575833,0
2025-12-18T03:36:59.000Z,28.18,99.99,83.76531143,0
2025-12-18T04:15:40.000Z,28.5325,99.99,83.60268,0
2025-12-18T04:54:21.000Z,28.96,99.99,83.53486429,0
2025-12-18T05:33:02.000Z,30.34285714,94.08285714,82.79421571,0
2025-12-18T06:11:43.000Z,31.78428571,80.48571429,82.30441286,0
2025-12-18T06:50:24.000Z,31.11428571,80.85714286,82.40816286,0
2025-12-18T07:29:05.000Z,31.72571429,79.00714286,81.98640286,0
2025-12-18T08:07:46.000Z,32.38142857,77.28142857,81.53997,0
2025-12-18T08:46:27.000Z,29.98714286,83.90714286,80.28655,0
2025-12-18T09:25:08.000Z,29.1325,87.295,79.47099,0
2025-12-18T10:03:49.000Z,28.59857143,88.38,78.44131714,0
2025-12-18T10:42:30.000Z,27.39714286,93.58,77.50340571,0
2025-12-18T11:21:11.000Z,26.42428571,97.83285714,77.32822714,0
2025-12-18T11:59:52.000Z,25.92285714,99.21,76.44302286,0
2025-12-18T12:38:33.000Z,25.90571429,98.13714286,76.25426143,0
2025-12-18T13:17:14.000Z,25.56,99.35857143,75.90051714,0
2025-12-18T13:55:55.000Z,24.81428571,99.94714286,74.74149571,0
2025-12-18T14:34:36.000Z,24.8375,99.92,74.2313875,0
2025-12-18T15:13:17.000Z,24.66428571,99.99,73.63776143,0
2025-12-18T15:51:58.000Z,24.57285714,99.99,73.42773143,0
2025-12-18T16:30:39.000Z,24.46428571,99.99,73.12671143,0
2025-12-18T17:09:20.000Z,24.25142857,99.99,72.91582,0
2025-12-18T17:48:01.000Z,24.09,99.99,72.80612286,0
2025-12-18T18:26:42.000Z,24.42142857,99.99,72.58078143,0
2025-12-18T19:05:23.000Z,24.36428571,99.99,72.32653,0
2025-12-18T19:44:04.000Z,24.24142857,99.99,72.27296,0
2025-12-18T20:22:45.000Z,24.14375,99.99,71.50222375,0
2025-12-18T21:01:26.000Z,24.04571429,99.99,71.12585429,0
2025-12-18T21:40:07.000Z,24.03142857,99.99,71.21513571,0
2025-12-18T22:18:48.000Z,23.96285714,99.99,71.17007,0
2025-12-18T22:57:29.000Z,24.06857143,99.99,71.02465429,0
2025-12-18T23:36:10.000Z,24.41857143,99.99,68.44132714,0
2025-12-19T00:14:51.000Z,25.6075,99.99,68.0848325,1.152525
2025-12-19T00:53:32.000Z,27.22,97.065,68.49852,0
2025-12-19T01:32:13.000Z,28.54625,93.075,68.679325,0
2025-12-19T02:10:54.000Z,30.78857143,85.75428571,69.12074857,0
2025-12-19T02:49:35.000Z,31.95285714,80.82,69.63436143,0
2025-12-19T03:28:16.000Z,32.1325,77.56,69.3690275,0
2025-12-19T04:06:57.000Z,31.455,78.96,69.5237975,0
2025-12-19T04:45:38.000Z,32.3775,77.1075,69.974685,0
2025-12-19T05:24:19.000Z,31.7825,79.7275,69.55357,0
2025-12-19T06:03:00.000Z,30.19,89.42,69.15475,0
2025-12-19T06:41:41.000Z,30.97,83.82,68.875,1.5367
2025-12-19T07:20:22.000Z,32.33333333,81.04333333,69.13094,0
2025-12-19T07:59:03.000Z,33.0225,77.1475,70.2827375,0
2025-12-19T08:37:44.000Z,31.19,81.34666667,69.86906,0
2025-12-19T09:16:25.000Z,30.5975,83.8,70.22917,0
2025-12-19T09:55:06.000Z,30.315,85.5925,70.3987975,0
2025-12-19T10:33:47.000Z,28.235,89.5975,70.1845175,0
2025-12-19T11:12:28.000Z,27.08,93.87666667,69.74603,0
2025-12-19T11:51:09.000Z,26.6125,93.7675,69.394355,0
2025-12-19T12:29:50.000Z,26.1675,94.4325,69.183045,0
2025-12-19T13:08:31.000Z,25.825,95.345,68.47619,0
2025-12-19T13:47:12.000Z,25.32,99.26,68.00396667,0
2025-12-19T14:25:53.000Z,25.0575,99.9375,67.9017875,0
2025-12-19T15:04:34.000Z,25.09333333,99.99,67.99405,0
2025-12-19T15:43:15.000Z,25,99.99,67.29761,0
